指标名称,类别,数值,单位,测量条件,测试次数或时长,证据文件
"器件与工具链","共用条件","xc7z020clg484-2 / Vivado+Vitis 2025.2.1","—","本表所有行的共用条件：Zynq-7020 CLG484 速度等级 2；工具链是 2025.2 主版本线的补丁版 2025.2.1（指南 §3.3.3.1 推荐 2026.1 或 2025.2；本作品全部脚本可在 2025.2.1 从零复现，见 report/build.md）","一次声明","build/bitstream/system.bit"
"显示像素时钟","核心","50","MHz","面板 1024×600；H_TOTAL 1344、V_TOTAL 625 ⇒ 50 Hz 场频；该时钟由 PL 侧 MMCM 从 50 MHz 输入合成","约束一次生效","src/constraints/ 与 build/reports/r87_timing_summary.rpt"
"显示分辨率与场频","核心","1024×600 @50","—","双窗输出（左窗原图 / 右窗处理图，由 split 控制字决定缝的位置与哪一侧是处理图）","连续显示","board/VERIFY_r87.md 第 1 行"
"全局 setup WNS","核心","+0.152","ns","板上这一版（r87）实现完成后 Vivado 报的 Design Timing Summary 第一列；端点总数 50885","一次构建","build/reports/r87_timing_summary.rpt"
"全局 setup 失败端点","核心","0","个","同上（0 / 50885）；注意 WNS 的绝对值不作为收益口径，见 report/known_issues.md 第二节第 1 条","一次构建","build/reports/r87_timing_summary.rpt"
"全局 hold WHS","核心","+0.051","ns","同上（失败端点 0 / 50885）","一次构建","build/reports/r87_timing_summary.rpt"
"Slice LUT 占用","资源","14363（27.00 %）","个","实现后报告；其中 LUT as Memory 4187（分布式 RAM 4044）⇒ 行缓存与打包 FIFO 走的是 LUTRAM 而不是触发器","一次构建","build/reports/r87_utilization.rpt"
"Slice 寄存器占用","资源","8075（7.59 %）","个","实现后报告","一次构建","build/reports/r87_utilization.rpt"
"Block RAM Tile 占用","资源","95 / 140（67.86 %）","tile","实现后报告；帧缓存由 64-bit 宽 + 乒乓两块拼出，是 BRAM 的主要去向","一次构建","build/reports/r87_utilization.rpt"
"DSP48 占用","资源","19 / 220（8.64 %）","个","实现后报告；用在缩放/旋转的坐标乘法与 gamma 计算","一次构建","build/reports/r87_utilization.rpt"
"SD 本地播放帧率","实测","29.8 – 30.0","fps","512×300 RGB565 预转换帧序列（板上不做解码）；100 帧滑窗读数；串口 115200-8N1","两个滑窗样本","build/evidence/r87_boot_stat_drain.txt"
"UDP 入口负载","口径","9.2","MB/s","512×300×2 B × 30 fps 的计算值（≈74 Mbps），千兆链路余量大；**这是负载口径不是实测带宽**，实测吞吐的读数出口在 OSD 第三行与 lane23 回读","一次计算","report/perf_report.md"
"门禁自检项","自检","20","项","一条命令跑：时序/资源/端口宽度/CDC/文档编码与时效/行号锚点 + 两个钉 md5 的整屏台架 + 几支检查器自带的变异对照","每轮构建后一次","build/gates.sh"
"整屏逐像素判据","功能正确性","128","条判定","顶层台架一次跑（唯一例化真实顶层的那支）；r87 这一跑 127 条通过、1 条 FAIL，红的是 C5c（对应未修的 #98，公开在 report/known_issues.md 第一节第 1 条）","一次台架运行","build/tb_v98_report.txt"
"变异对照分支","功能正确性","5","条","sim/mut_control.sh：pipeline / osd_inchar / osd_addr / osd_inchar_all / bilin_ky_fold；规矩是「一次变异只许红它声称红的那一条」，红不了或红多了都算失败","每判据一支","sim/mut_control.sh"
"越界读写的机会计数","功能正确性","190464","拍","OSD 字模索引在 1024×600 有效区整屏走一遍时越出数组上界的拍数（最大索引 255 = 位宽上限）；这道「机会地板」让「屏上没现象」与「真的被门住了」两种说法可区分","一次台架运行","build/evidence/r86_osd_t18_teeth_addr.txt"
"缩放范围","功能","0.25 – 2.00（八档）","倍","ZOOM_X100 = 25 33 50 75 100 133 150 200；手动档、自动呼吸档、Fit 档三种来源，倍率与来源都可从 lane23 回读","逐档演示","board/VERIFY_r87.md"
"片源与仲裁","功能","3 路 + AUTO","—","ETH（PL 硬件收包链）/ SD（PS 读裸帧）/ TEST（自研动态图卡）；AUTO 下的切换与回落由链路健康自诊断引擎驱动，拔线与拔卡都已在板上复验","现场演示","board/VERIFY_r87.md"
"端到端时延","未报","—","—","这一格有读数出口（OSD 的 Latency lane 与 JTAG 回读），但**本表不填没有复核过的数**：读数方法与逐轮记录在 board/VERIFY_r87.md 与 build/evidence/，取到可信值之前不占权重也不宣称","待复测","board/VERIFY_r87.md"
"人眼判据","验收","36","行","全功能上板验收表（每一条给命令、预期现象、以及」这一行不通意味着什么」）；屏幕现象只能由人判，机器判据不冒充眼睛","一次上板","board/VERIFY_r87.md"
