# label=r116 built=2026-10-04 03:27:56 src_reports=build/evidence/r116/r116_timing_summary.txt,build/evidence/r116/r116_check_timing.txt
# 口径 rel_margin_* = wns_* / period_ns（§4 E2 强制）；io_unconstrained_ports = check_timing 的 HIGH 两类之和（端口对象单位：输入 0 + 输出 6）
# unconstrained_endpoints = check_timing 自己那行『pins that are not constrained for maximum delay』（设计级一个数，逐行重复填，22:40 实测 0）
# 附加列 intra_endpoint_total = 该域在 Intra Clock Table 里的 TNS Total Endpoints，只给 §4 D 的加权用（13 列的名字与顺序按 B2 原样，没动）
clock	period_ns	src	wns_setup	tns_setup	nfp_setup	wns_hold	tns_hold	nfp_hold	rel_margin_setup	rel_margin_hold	unconstrained_endpoints	io_unconstrained_ports	intra_endpoint_total
clk_fpga_0	10	PS7_FCLKCLK0(BD)	1.976	0.000	0	0.053	0.000	0	0.197600	0.005300	0	6	15721
clkfbout	20	MMCM_generated	NA	NA	NA	NA	NA	NA	NA	NA	0	6	NA
clkfbout_1	20	MMCM_generated	NA	NA	NA	NA	NA	NA	NA	NA	0	6	NA
clkout0_1	20	MMCM_generated	3.698	0.000	0	0.059	0.000	0	0.184900	0.002950	0	6	30179
clkout1_1	4	MMCM_generated	NA	NA	NA	NA	NA	NA	NA	NA	0	6	NA
clkout2	5	MMCM_generated	NA	NA	NA	NA	NA	NA	NA	NA	0	6	NA
eth_rxc	8	create_clock(XDC)	-0.846	-4.135	5	-0.870	-4.270	5	-0.105750	-0.108750	0	6	4840
sys_clk	20	create_clock(XDC)	14.876	0.000	0	0.222	0.000	0	0.743800	0.011100	0	6	323
