id	target_root_cause	means	expected_gain_ns	affected_domains	mechanism_evidence	risk	cost_tier	status
C1	FANOUT	phys_opt_design -force_replication_on_nets <report_high_fanout_nets 名册里的广播网>	0.300	eth_rxc;clk_fpga_0	roll_console 的 REPLICA_CELLS 行必须严格大于对照滚；fanout_after.rpt 同名网扇出必须下降（build/r115_fanout_cmp.py）	吃 LUT/FF；复制可能把 hold 挤薄（r114 的教训：复制杠杆的真实代价落在 eth_rxc hold）	D1	fired
C2	SKEW-UNC	给其余三个域加与 eth_rxc 同量级的 hold uncertainty（加严方向，不是放松）	0.000	sys_clk;clk_fpga_0;clkout0_1	两滚差分：加严后各域 WHS 读数变化量就是那把尺子的偏移量；件按轮命名，不覆盖上一轮	读数会变小——那是揭示债不是变差；必须与 C1 分开跑（单变量 #223）	D1	blocked(no approver for adoption)
C3	CLKTOPO	把 rgmii_rx 的 IDDR 捕获钟提前（BUFIO 直连，或 MMCM 负相移）	0.900	eth_rxc	clock_networks.txt 里 BUFIO 计数变化 + 带窗真窗扫描的 fail_hold=0（build/r115_capture_clock_plan.md F1..F7）	改网表 ⇒ 必须 D2 单元台架 + 全构建；r114 已量到 hold 关不住才换的这一刀	D2	rejected-measured(00:01 副本树：S1 仍红 WHS -2.126；且 UU 0.800 脱离派生钟覆盖面 ⇒ 不进主树，见 rgmii_window_model.md 7)
C4	UNCONSTRAINED	补 set_input_delay（RGMII 收 5 口）/set_output_delay（TMDS+LED 6 口）	0.000	eth_rxc;clkout0_1;sys_clk	check_timing_verbose 的 11 个未点名端口归零；report_exceptions 出现对应行	需要 PHY 侧 RGMII 窗口与 DVI/TMDS 输出窗口的**来源数字**；没有来源就写数 = 用假约束换绿灯	D1	blocked(no source numbers)
C5	ROUTE	策略 directive / replan_design	unknown	全部	route_status + 名册	多变量，会把 C1 的单变量性打掉	D1	excluded(until C1 measured)
C6	XDC-ORDER	把 clock_groups_impl.xdc 合回主文件	0.000	全部	不适用——已被证伪	合回去会让整条 set_clock_groups 空转（Vivado 12-4739），连带废掉 eth_rxc/sys_clk 两组；现场只留一句 warning	D0	rejected(measured)
C7	UNCONSTRAINED	set_input_delay -clock eth_rxc -min 1.200 / -max 2.800（+ -clock_fall -add_delay 那一对），5 个 RGMII 输入第一次被检查	NA(不是提速刀，是把 11 个未约束端口里的 5 个变成有数)	eth_rxc	build/evidence/r116/r116_io_{HOLD,SETUP}.rpt 必须出现有限 slack + "Input Delay:" 行；check_timing 不再点名 eth_rx*	明知会显形一条 -0.87 量级的 I/O 红（DCP 实测曲线，件 r115_window/probe3_console.txt）	D0	fired(r116 构建在飞)
C8	IODELAY-STD	src/rtl/top/system_top.v: IDELAY_VALUE 26 -> 31（真窗下 min(hold,setup) 的最大点）	+0.315(最差格 -1.185 -> -0.870，同一把尺子同一只 DCP 实测)	eth_rxc	build/evidence/r115_window/probe3_console.txt 的 0..31 全档扫描（HOLD +63.0 ps/拍、SETUP -92.0 ps/拍，交点 31.1）	0..31 内无解（§7.5(4) 的不等式：hold 要 τ>=44.8、setup 要 τ<=21.8）；再往下只能动钟网络	D0	fired(r116 构建在飞)
C9	FANOUT	phys_opt_design -force_replication_on_nets {u_pl/u_row/hi_reg_0[0]}（239 个引脚、5.690 ns 布线、载荷铺在 99 个 tile 上，是 clk_fpga_0 那条 1.976/7.355 路里唯一的大项）	D1 滚实测（本行下面两格填实测，不许预填）	clk_fpga_0	build/evidence/r117_repl3/B_console.txt 的 R3_REPLICA_CELLS>0 且 R3_AFTER pins 下降；否则判 MECHANISM_INERT 而不是"没有收益"	复制吃 LUT；名册差分要求另三个域不变差（G1）；本刀已用掉 3 次尝试里的 2 次（#319/#320 都是工具账，不是设计账）	D1	declined(official r117: clk_fpga_0 1.850->2.104 wins but clkout0_1/eth_rxc/sys_clk four cells lose; strict A2/A3 fails; see build/r117_verdict_declined.txt ISSUES#328)
C10	CONEDPTH	src/rtl/eth/icmp_tx.v: 32 位 IP 校验和累加拆成两拍各 5 项（r108 提法，#178 只做了差分预验）	+0.278 上限（接棒的是同域 1.017x8，不是 0.739->1.8）	eth_rxc	档位分布实测：0.739x5 / 0.873x5 / 0.961x5 全出同一只 ip_head_reg[4][16]，接棒 1.017x8 + 1.019x8 + 1.041x4 + 1.124x4（件 D:/Xilinx/Prj/pro/r120_tier_eth_rxc.rpt，只读探针在已布线 DCP 上现跑）	改网表 => 快车道不适用，要一次官方构建 127 min；同域加一级 FF 会动放置密度，r117 的教训是赢 1 格跌 4 格（含 eth_rxc hold 0.052->0.044）	high	measured-none（r120 补记账：此前 cut_ledger 与 loosen_ledger 各零行，是台账洞，不等于试过不行）
C11	CLKTOPO-IO	rgmii_rx: IDDR 的 C 由 BUFG 改 BUFIO，并把 GMII 第一级落在同一时钟区（不是简单换个缓冲）	预测 +0.46（TIMING_GLOBAL 第 7 节推导，吊在"专用走线 0.5/0.2 ns"的假设上；该假设只读关不掉：网表 BUFIO/BUFR/MMCM/PLLE 计数=0，件 build/evidence/r120_c1_probe5.txt）	eth_rxc 的 I/O 5 格	代价面已量窄（v5 只读探针，已布线 DCP）：IDDR 自身在 X1Y0；4 只数据 IDDR 的全部下游锥 127-130 只时序单元 distinct_regions=1 即 100% 在 X1Y0；只有 u_iddr_rx_ctl 的 613 只终点跨到 X1Y1（distinct=2）	方向被 r92/#57 否定过一次（BUFIO 与 BUFG 两棵树差 1.616 ns 是 WHS 掷硬币的根）；三条点名 eth_rxc 的约束要先改成覆盖派生钟，否则"收益"里混进约束覆盖面丢失（00:01 栽过）；换钟后放置会变，同区读数只是可行性指标不是保证	high	partially-measured（代价面有读数、收益面没测）
