file:line	old_text	new_text	claimed_reason	non_timing_evidence	approver
# 本轮松动台账 = **空**（只有上面这行表头 + 下面的注释，没有第三条数据行）
# H1 的口径：任何"加大 create_clock 周期 / 加大 I/O offset / 新增 false_path、clock_groups、
#   set_max_delay -datapath_only（放宽数值）/ 新增 multicycle / 删除既有约束 / 缩小作用范围 /
#   把 set_clock_uncertainty 调小"都必须在这里落一行，且必须带**非时序工件**与**批准人**。
# 本轮（r115，2026-10-03 夜）无人可批：用户已睡，§1 H1/G3 要求"经用户明确批准"，
#   ⇒ 本轮一切候选只做**测量**，不做采纳；一张空表比一张"我替用户批了"的表诚实。
# 反买通校验（提示词要求豁免清单活在检查器里，且不许用一条豁免买掉全部红）：
#   判定这份台账的检查器 = build/r115_loosen_check.sh 的缺省行为——它数**数据行**（跳过 # 与表头），
#   只要 > 0 就要求每行第 6 列非空且第 5 列不是"报告变好了"这类时序自身的话，否则 REFUSE；
#   并且**总红数不允许因为某一行豁免而减少**（豁免只能改变单行的判定，不能改变 comparisons_made）。
# 本轮为"看起来该放松但没放松"的两处，记在这里以免被当成漏记：
#   ① eth_rxc 的 hold 不确定度 0.800（src/constraints/rk_zynq7020.xdc:50）本轮**没有**调小、**没有**删；
#   ② RGMII 收口的 ±0.500 ns 输入窗（候选文件 src/constraints/r114_io_async.xdc）**没有**被绑进工程，
#      因为加上它 hold 会红（实测 WHS -2.885 / THS -14.344，件 build/evidence/r114_io_roll_console5.txt
#      的 Route 35-57 行）。"先去掉约束再修"不是修，所以方向是反的：先修捕获钟（C3/#194），再绑约束。
