# label=baseline built=2026-10-03 22:45:09 src_reports=build/evidence/r115_base/timing_summary.txt,build/evidence/r115_base/check_timing_verbose.txt
# 口径 rel_margin_* = wns_* / period_ns（§4 E2 强制）；io_unconstrained_ports = check_timing 的 HIGH 两类之和（端口对象单位：输入 5 + 输出 6）
# unconstrained_endpoints = check_timing 自己那行『pins that are not constrained for maximum delay』（设计级一个数，逐行重复填，22:40 实测 0）
# 附加列 intra_endpoint_total = 该域在 Intra Clock Table 里的 TNS Total Endpoints，只给 §4 D 的加权用（13 列的名字与顺序按 B2 原样，没动）
clock	period_ns	src	wns_setup	tns_setup	nfp_setup	wns_hold	tns_hold	nfp_hold	rel_margin_setup	rel_margin_hold	unconstrained_endpoints	io_unconstrained_ports	intra_endpoint_total
clk_fpga_0	10	PS7_FCLKCLK0(BD)	1.850	0.000	0	0.053	0.000	0	0.185000	0.005300	0	11	15721
clkfbout	20	MMCM_generated	NA	NA	NA	NA	NA	NA	NA	NA	0	11	NA
clkfbout_1	20	MMCM_generated	NA	NA	NA	NA	NA	NA	NA	NA	0	11	NA
clkout0_1	20	MMCM_generated	3.630	0.000	0	0.059	0.000	0	0.181500	0.002950	0	11	30179
clkout1_1	4	MMCM_generated	NA	NA	NA	NA	NA	NA	NA	NA	0	11	NA
clkout2	5	MMCM_generated	NA	NA	NA	NA	NA	NA	NA	NA	0	11	NA
eth_rxc	8	create_clock(XDC)	0.739	0.000	0	0.052	0.000	0	0.092375	0.006500	0	11	4835
sys_clk	20	create_clock(XDC)	14.876	0.000	0	0.222	0.000	0	0.743800	0.011100	0	11	323
